{"cameraMode":{"drawMode":0,"name":"Shaded","section":"Shading Mode"},"sceneLighting":true,"audioPlay":false,"sceneViewState":{"showFog":false,"showMaterialUpdate":false,"showSkybox":false,"showFlares":false,"showImageEffects":false,"showParticleSystems":false},"in2DMode":false,"pivot":{"x":27.388599395751954,"y":3.633817672729492,"z":-44.285396575927737},"rotation":{"x":0.0856822282075882,"y":0.6897588968276978,"z":-0.08274896442890167,"w":0.7141866683959961},"size":84.273681640625,"orthographic":false}